contrast,timepoint,estimate,SE,df,t.ratio,p.value
CC - EE,0,-1.5238642424337445e-15,0.01835561857992245,313.02094181308865,-8.301895334110732e-14,1
CC - CP,0,-2.4622901101789965e-15,0.01835561857992245,313.0209418130816,-1.3414367374533882e-13,1
CC - EP,0,-2.088167751258137e-15,0.01835561857992238,313.02094181311696,-1.1376177502087576e-13,1
EE - CP,0,-9.38425867745252e-16,0.018355618579922794,313.02094181301095,-5.112472040423054e-14,1
EE - EP,0,-5.643035088243928e-16,0.018355618579922718,313.02094181301095,-3.074282167976758e-14,1
CP - EP,0,3.741223589208592e-16,0.01835561857992272,313.02094181301095,2.038189872446316e-14,1
CC - EE,1,0.002578774614762433,0.01835561857992262,313.02094181308865,0.14048966007514982,0.9990090902745392
CC - CP,1,0.0034790571303725064,0.01835561857992262,313.02094181308865,0.1895363599556323,0.9975816262755595
CC - EP,1,-0.00689429029926608,0.018355618579922597,313.02094181308865,-0.3755956395175407,0.9819096209284308
EE - CP,1,9.002825156100734e-4,0.01835561857992275,313.02094181303215,0.049046699880482166,0.9999575597989339
EE - EP,1,-0.009473064914028512,0.01835561857992272,313.02094181304625,-0.5160852995926871,0.9552074139154745
CP - EP,1,-0.010373347429638587,0.01835561857992273,313.02094181304625,-0.5651319994731693,0.9423251073275416
CC - EE,2,0.005770544434168118,0.018355618579922628,313.02094181308865,0.3143748280147823,0.9892228369573031
CC - CP,2,0.007083632496316118,0.018355618579922624,313.02094181308865,0.3859108569658445,0.980435387582086
CC - EP,2,-0.01839952495963553,0.018355618579922593,313.02094181308865,-1.0023919858392003,0.7481140299249366
EE - CP,2,0.0013130880621479999,0.018355618579922746,313.0209418130392,0.07153602895106172,0.9998684542552886
EE - EP,2,-0.024170069393803652,0.018355618579922715,313.02094181304625,-1.3167668138539748,0.5529210886006062
CP - EP,2,-0.02548315745595165,0.01835561857992272,313.02094181304625,-1.388302842805036,0.5076166325319514
CC - EE,3,0.010099502467395164,0.01835561857992263,313.02094181308865,0.5502131362896152,0.9464457018457746
CC - CP,3,0.012242855111963118,0.018355618579922628,313.02094181308865,0.6669813419066329,0.9094460420723347
CC - EP,3,-0.0283279959135243,0.018355618579922607,313.02094181308865,-1.5432874566542523,0.412913508470807
EE - CP,3,0.002143352644567954,0.018355618579922753,313.0209418130392,0.1167682056170168,0.9994297348906886
EE - EP,3,-0.03842749838091946,0.018355618579922725,313.02094181304625,-2.0935005929438546,0.15745714882291062
CP - EP,3,-0.040570851025487416,0.01835561857992273,313.02094181304625,-2.2102687985608713,0.1226694590972045
CC - EE,4,0.01317123090062454,0.01835561857992263,313.02094181308865,0.7175585417225452,0.8900770108928535
CC - CP,4,0.010386828965030579,0.018355618579922628,313.02094181308865,0.565866463165218,0.94211766323876
CC - EP,4,-0.04185422205283755,0.018355618579922604,313.02094181308865,-2.2801858662838934,0.10486646877976324
EE - CP,4,-0.0027844019355939605,0.01835561857992275,313.02094181303215,-0.15169207855732633,0.9987541880072104
EE - EP,4,-0.05502545295346208,0.01835561857992272,313.02094181304625,-2.99774440800642,0.015485710688925236
CP - EP,4,-0.05224105101786812,0.018355618579922732,313.02094181304625,-2.846052329449092,0.024263410204808822
CC - EE,5,0.014788200265562594,0.018355618579922628,313.02094181308865,0.8056497906171315,0.851758334427112
CC - CP,5,0.006575002046787239,0.018355618579922628,313.02094181308865,0.3582010607901264,0.9842332733161427
CC - EP,5,-0.0484405629222551,0.0183556185799226,313.02094181309576,-2.6390046574207773,0.04311616461515322
EE - CP,5,-0.008213198218775353,0.01835561857992275,313.0209418130392,-0.44744872982700207,0.9700820440390986
EE - EP,5,-0.06322876318781769,0.018355618579922725,313.02094181304625,-3.4446544480378862,0.0036158369629225584
CP - EP,5,-0.055015564969042335,0.01835561857992273,313.02094181304625,-2.9972057182108833,0.01551105983323564
CC - EE,6,0.011604008303791746,0.018355618579922628,313.02094181308865,0.6321774585403626,0.9216111797136876
CC - CP,6,7.729102117186995e-4,0.018355618579922624,313.02094181308865,0.042107554608053835,0.9999731383859605
CC - EP,6,-0.05249618366755404,0.018355618579922597,313.02094181308865,-2.859951760218773,0.023307897322395577
EE - CP,6,-0.010831098092073046,0.018355618579922746,313.0209418130392,-0.590069903932305,0.9350403479567437
EE - EP,6,-0.06410019197134578,0.018355618579922725,313.02094181304625,-3.492129218759112,0.0030636461787366676
CP - EP,6,-0.05326909387927274,0.018355618579922725,313.02094181304625,-2.9020593148268063,0.020612110309396026
CC - EE,7,0.00638843136199669,0.018355618579922624,313.02094181309576,0.3480368332007267,0.9854987831924389
CC - CP,7,-0.006038026982363791,0.018355618579922624,313.02094181309576,-0.3289470717684331,0.9876969928805688
CC - EP,7,-0.05930808014692467,0.018355618579922597,313.02094181308865,-3.231058647720864,0.00742311661873829
EE - CP,7,-0.012426458344360482,0.01835561857992275,313.0209418130392,-0.6769839049691552,0.9057730984250513
EE - EP,7,-0.06569651150892136,0.018355618579922725,313.02094181304625,-3.5790954809215663,0.0022492766317365742
CP - EP,7,-0.05327005316456088,0.01835561857992272,313.02094181304625,-2.9021115759524103,0.020608943109262645
CC - EE,8,0.006580531031574645,0.018355618579922624,313.02094181308865,0.35850227563414455,0.9841947425419635
CC - CP,8,-0.008200471698994218,0.018355618579922628,313.02094181309576,-0.4467553988054585,0.9702140311212555
CC - EP,8,-0.062081221541931644,0.018355618579922607,313.02094181309576,-3.3821372606770193,0.004483154294230962
EE - CP,8,-0.014781002730568864,0.018355618579922746,313.0209418130392,-0.8052576744395978,0.8519412026775115
EE - EP,8,-0.06866175257350629,0.018355618579922725,313.02094181304625,-3.74063953631114,0.0012438845256275144
CP - EP,8,-0.05388074984293743,0.018355618579922725,313.02094181304625,-2.9353818618715413,0.018677823795734905
