plate_ID,plate_rep,temperature,plate_well,is_blank,area_mm2.measurement,imageJ_ID,fieldrep_ID,treatment_group,sample_id_group,exclude_from_analysis,exclude_reason
APC-CC1-26,CC1,26,A1,TRUE,,,,CC,CC,,
APC-CC1-26,CC1,26,A2,FALSE,26.815,4,A,CC,CCA4,1,DOA
APC-CC1-26,CC1,26,A3,FALSE,57.513,3,A,CC,CCA3,,
APC-CC1-26,CC1,26,A4,FALSE,30.943,2,A,CC,CCA2,1,DOA
APC-CC1-26,CC1,26,A5,FALSE,51.399,1,A,CC,CCA1,,
APC-CC1-26,CC1,26,A6,TRUE,,,,CC,CC,,
APC-CC1-26,CC1,26,B1,TRUE,,,,CC,CC,,
APC-CC1-26,CC1,26,B2,FALSE,40.552,8,A,CC,CCA8,1,DOA
APC-CC1-26,CC1,26,B3,FALSE,102.812,6,A,CC,CCA6,,
APC-CC1-26,CC1,26,B4,FALSE,61.176,7,A,CC,CCA7,1,DOA
APC-CC1-26,CC1,26,B5,FALSE,107.249,5,A,CC,CCA5,,
APC-CC1-26,CC1,26,B6,TRUE,,,,CC,CC,,
APC-CC1-26,CC1,26,C1,TRUE,,,,CC,CC,,
APC-CC1-26,CC1,26,C2,FALSE,69.315,12,B,CC,CCB12,,
APC-CC1-26,CC1,26,C3,FALSE,37.353,11,B,CC,CCB11,,
APC-CC1-26,CC1,26,C4,FALSE,20.508,9,A,CC,CCA9,,
APC-CC1-26,CC1,26,C5,FALSE,67.355,10,A,CC,CCA10,,
APC-CC1-26,CC1,26,C6,TRUE,,,,CC,CC,,
APC-CC1-26,CC1,26,D1,TRUE,,,,CC,CC,,
APC-CC1-26,CC1,26,D2,FALSE,28.66,16,B,CC,CCB16,,
APC-CC1-26,CC1,26,D3,FALSE,66.839,15,B,CC,CCB15,,
APC-CC1-26,CC1,26,D4,FALSE,67.6,14,B,CC,CCB14,,
APC-CC1-26,CC1,26,D5,FALSE,54.482,13,B,CC,CCB13,,
APC-CC1-26,CC1,26,D6,TRUE,,,,CC,CC,,
APC-CC2-26,CC2,26,A1,TRUE,,,,CC,CC,,
APC-CC2-26,CC2,26,A2,FALSE,76.91,4,C,CC,CCC4,,
APC-CC2-26,CC2,26,A3,FALSE,99.158,3,C,CC,CCC3,,
APC-CC2-26,CC2,26,A4,FALSE,59.553,2,C,CC,CCC2,,
APC-CC2-26,CC2,26,A5,FALSE,76.594,1,C,CC,CCC1,,
APC-CC2-26,CC2,26,A6,TRUE,,,,CC,CC,,
APC-CC2-26,CC2,26,B1,TRUE,,,,CC,CC,,
APC-CC2-26,CC2,26,B2,FALSE,59.04,8,C,CC,CCC8,,
APC-CC2-26,CC2,26,B3,FALSE,70.664,6,C,CC,CCC6,1,DOA
APC-CC2-26,CC2,26,B4,FALSE,35.884,7,C,CC,CCC7,,
APC-CC2-26,CC2,26,B5,FALSE,37.304,5,C,CC,CCC5,,
APC-CC2-26,CC2,26,B6,TRUE,,,,CC,CC,,
APC-CC2-26,CC2,26,C1,TRUE,,,,CC,CC,,
APC-CC2-26,CC2,26,C2,FALSE,62.63,11,D,CC,CCD11,1,DOA
APC-CC2-26,CC2,26,C3,FALSE,37.751,12,D,CC,CCD12,,
APC-CC2-26,CC2,26,C4,FALSE,64.089,10,D,CC,CCD10,1,DOA
APC-CC2-26,CC2,26,C5,FALSE,34.057,9,D,CC,CCD9,1,DOA
APC-CC2-26,CC2,26,C6,TRUE,,,,CC,CC,,
APC-CC2-26,CC2,26,D1,TRUE,,,,CC,CC,,
APC-CC2-26,CC2,26,D2,FALSE,31.716,16,D,CC,CCD16,,
APC-CC2-26,CC2,26,D3,FALSE,43.327,15,D,CC,CCD15,1,DOA
APC-CC2-26,CC2,26,D4,FALSE,63.945,13,D,CC,CCD13,,
APC-CC2-26,CC2,26,D5,FALSE,26.89,14,D,CC,CCD14,1,DOA
APC-CC2-26,CC2,26,D6,TRUE,,,,CC,CC,,
APC-CP1-26,CP1,26,A1,TRUE,,,,CP,CP,,
APC-CP1-26,CP1,26,A2,FALSE,17.059,4,A,CP,CPA4,,
APC-CP1-26,CP1,26,A3,FALSE,69.095,1,A,CP,CPA1,,
APC-CP1-26,CP1,26,A4,FALSE,17.418,2,A,CP,CPA2,1,DOA
APC-CP1-26,CP1,26,A5,FALSE,55.278,3,A,CP,CPA3,,
APC-CP1-26,CP1,26,A6,TRUE,,,,CP,CP,,
APC-CP1-26,CP1,26,B1,TRUE,,,,CP,CP,,
APC-CP1-26,CP1,26,B2,FALSE,14.863,9,A,CP,CPA9,,
APC-CP1-26,CP1,26,B3,FALSE,88.322,7,A,CP,CPA7,,
APC-CP1-26,CP1,26,B4,FALSE,38.605,6,A,CP,CPA6,,
APC-CP1-26,CP1,26,B5,FALSE,33.214,8,D,CP,CPD8,,
APC-CP1-26,CP1,26,B6,TRUE,,,,CP,CP,,
APC-CP1-26,CP1,26,C1,TRUE,,,,CP,CP,,
APC-CP1-26,CP1,26,C2,FALSE,51.631,12,B,CP,CPB12,,
APC-CP1-26,CP1,26,C3,FALSE,44.694,13,B,CP,CPB13,1,DOA
APC-CP1-26,CP1,26,C4,FALSE,55.627,11,B,CP,CPB11,,
APC-CP1-26,CP1,26,C5,FALSE,9.01,14,D,CP,CPD14,,
APC-CP1-26,CP1,26,C6,TRUE,,,,CP,CP,,
APC-CP1-26,CP1,26,D1,TRUE,,,,CP,CP,,
APC-CP1-26,CP1,26,D2,FALSE,68.407,16,D,CP,CPD16,1,DOA
APC-CP1-26,CP1,26,D3,FALSE,24.477,18,D,CP,CPD18,,
APC-CP1-26,CP1,26,D4,FALSE,21.414,17,D,CP,CPD17,,
APC-CP1-26,CP1,26,D5,FALSE,34.92,19,D,CP,CPD19,,
APC-CP1-26,CP1,26,D6,TRUE,,,,CP,CP,,
APC-CP2-26,CP2,26,A1,TRUE,,,,CP,CP,,
APC-CP2-26,CP2,26,A2,FALSE,11.399,4,C,CP,CPC4,1,DOA
APC-CP2-26,CP2,26,A3,FALSE,10.772,2,C,CP,CPC2,1,DOA
APC-CP2-26,CP2,26,A4,FALSE,57.58,1,C,CP,CPC1,,
APC-CP2-26,CP2,26,A5,FALSE,49.814,3,C,CP,CPC3,,
APC-CP2-26,CP2,26,A6,TRUE,,,,CP,CP,,
APC-CP2-26,CP2,26,B1,TRUE,,,,CP,CP,,
APC-CP2-26,CP2,26,B2,FALSE,43.907,8,C,CP,CPC8,,
APC-CP2-26,CP2,26,B3,FALSE,38.681,5,C,CP,CPC5,,
APC-CP2-26,CP2,26,B4,FALSE,27.866,7,C,CP,CPC7,,
APC-CP2-26,CP2,26,B5,FALSE,17.391,6,C,CP,CPC6,1,DOA
APC-CP2-26,CP2,26,B6,TRUE,,,,CP,CP,,
APC-CP2-26,CP2,26,C1,TRUE,,,,CP,CP,,
APC-CP2-26,CP2,26,C2,FALSE,65.186,12,D,CP,CPD12,,
APC-CP2-26,CP2,26,C3,FALSE,78.785,11,D,CP,CPD11,1,DOA
APC-CP2-26,CP2,26,C4,FALSE,59.131,10,D,CP,CPD10,,
APC-CP2-26,CP2,26,C5,FALSE,42.558,9,D,CP,CPD9,,
APC-CP2-26,CP2,26,C6,TRUE,,,,CP,CP,,
APC-CP2-26,CP2,26,D1,TRUE,,,,CP,CP,,
APC-CP2-26,CP2,26,D2,FALSE,44.906,16,D,CP,CPD16,,
APC-CP2-26,CP2,26,D3,FALSE,83.841,14,D,CP,CPD14,,
APC-CP2-26,CP2,26,D4,FALSE,105.832,13,D,CP,CPD13,,
APC-CP2-26,CP2,26,D5,FALSE,56.741,15,D,CP,CPD15,,
APC-CP2-26,CP2,26,D6,TRUE,,,,CP,CP,,
APC-EE1-26,EE1,26,A1,TRUE,,,,EE,EE,,
APC-EE1-26,EE1,26,A2,FALSE,20.68,3,A,EE,EEA3,,
APC-EE1-26,EE1,26,A3,FALSE,42.21,4,A,EE,EEA4,,
APC-EE1-26,EE1,26,A4,FALSE,54.731,2,A,EE,EEA2,,
APC-EE1-26,EE1,26,A5,FALSE,74.221,1,A,EE,EEA1,,
APC-EE1-26,EE1,26,A6,TRUE,,,,EE,EE,,
APC-EE1-26,EE1,26,B1,TRUE,,,,EE,EE,,
APC-EE1-26,EE1,26,B2,FALSE,39.943,7,A,EE,EEA7,,
APC-EE1-26,EE1,26,B3,FALSE,46.119,6,A,EE,EEA6,,
APC-EE1-26,EE1,26,B4,FALSE,44.249,8,A,EE,EEA8,,
APC-EE1-26,EE1,26,B5,FALSE,33.258,5,A,EE,EEA5,1,DOA
APC-EE1-26,EE1,26,B6,TRUE,,,,EE,EE,,
APC-EE1-26,EE1,26,C1,TRUE,,,,EE,EE,,
APC-EE1-26,EE1,26,C2,FALSE,24.589,11,A,EE,EEA11,,
APC-EE1-26,EE1,26,C3,FALSE,16.431,9,A,EE,EEA9,,
APC-EE1-26,EE1,26,C4,FALSE,12.748,12,A,EE,EEA12,1,DOA
APC-EE1-26,EE1,26,C5,FALSE,11.558,13,B,EE,EEB13,,
APC-EE1-26,EE1,26,C6,TRUE,,,,EE,EE,,
APC-EE1-26,EE1,26,D1,TRUE,,,,EE,EE,,
APC-EE1-26,EE1,26,D2,FALSE,25.836,16,C,EE,EEC16,,
APC-EE1-26,EE1,26,D3,FALSE,26.402,18,C,EE,EEC18,1,DOA
APC-EE1-26,EE1,26,D4,FALSE,22.436,17,C,EE,EEC17,,
APC-EE1-26,EE1,26,D5,FALSE,30.255,19,C,EE,EEC19,,
APC-EE1-26,EE1,26,D6,TRUE,,,,EE,EE,,
APC-EE2-26,EE2,26,A1,TRUE,,,,EE,EE,,
APC-EE2-26,EE2,26,A2,FALSE,60.742,2,C,EE,EEC2,,
APC-EE2-26,EE2,26,A3,FALSE,50,1,C,EE,EEC1,,
APC-EE2-26,EE2,26,A4,FALSE,14.551,3,C,EE,EEC3,,
APC-EE2-26,EE2,26,A5,FALSE,22.656,4,C,EE,EEC4,,
APC-EE2-26,EE2,26,A6,TRUE,,,,EE,EE,,
APC-EE2-26,EE2,26,B1,TRUE,,,,EE,EE,,
APC-EE2-26,EE2,26,B2,FALSE,13.086,8,C,EE,EEC8,1,DOA
APC-EE2-26,EE2,26,B3,FALSE,49.805,7,C,EE,EEC7,1,DOA
APC-EE2-26,EE2,26,B4,FALSE,40.527,6,C,EE,EEC6,,
APC-EE2-26,EE2,26,B5,FALSE,89.648,5,C,EE,EEC5,1,DOA
APC-EE2-26,EE2,26,B6,TRUE,,,,EE,EE,,
APC-EE2-26,EE2,26,C1,TRUE,,,,EE,EE,,
APC-EE2-26,EE2,26,C2,FALSE,55.566,12,D,EE,EED12,,
APC-EE2-26,EE2,26,C3,FALSE,57.031,11,D,EE,EED11,1,DOA
APC-EE2-26,EE2,26,C4,FALSE,58.887,10,D,EE,EED10,1,DOA
APC-EE2-26,EE2,26,C5,FALSE,48.047,9,D,EE,EED9,,
APC-EE2-26,EE2,26,C6,TRUE,,,,EE,EE,,
APC-EE2-26,EE2,26,D1,TRUE,,,,EE,EE,,
APC-EE2-26,EE2,26,D2,FALSE,49.414,14,D,EE,EED14,1,DOA
APC-EE2-26,EE2,26,D3,FALSE,59.375,13,D,EE,EED13,,
APC-EE2-26,EE2,26,D4,FALSE,56.055,15,D,EE,EED15,,
APC-EE2-26,EE2,26,D5,FALSE,29.688,16,D,EE,EED16,,
APC-EE2-26,EE2,26,D6,TRUE,,,,EE,EE,,
APC-EP1-26,EP1,26,A1,TRUE,,,,EP,EP,,
APC-EP1-26,EP1,26,A2,FALSE,43.345,4,A,EP,EPA4,,
APC-EP1-26,EP1,26,A3,FALSE,59.153,1,A,EP,EPA1,,
APC-EP1-26,EP1,26,A4,FALSE,63.825,2,A,EP,EPA2,1,DOA
APC-EP1-26,EP1,26,A5,FALSE,29.454,3,A,EP,EPA3,,
APC-EP1-26,EP1,26,A6,TRUE,,,,EP,EP,,
APC-EP1-26,EP1,26,B1,TRUE,,,,EP,EP,,
APC-EP1-26,EP1,26,B2,FALSE,29.24,8,A,EP,EPA8,,
APC-EP1-26,EP1,26,B3,FALSE,54.227,6,A,EP,EPA6,,
APC-EP1-26,EP1,26,B4,FALSE,54.952,7,A,EP,EPA7,,
APC-EP1-26,EP1,26,B5,FALSE,29.689,5,A,EP,EPA5,,
APC-EP1-26,EP1,26,B6,TRUE,,,,EP,EP,,
APC-EP1-26,EP1,26,C1,TRUE,,,,EP,EP,,
APC-EP1-26,EP1,26,C2,FALSE,77.705,12,B,EP,EPB12,1,DOA
APC-EP1-26,EP1,26,C3,FALSE,21.254,11,B,EP,EPB11,,
APC-EP1-26,EP1,26,C4,FALSE,23.661,10,B,EP,EPB10,,
APC-EP1-26,EP1,26,C5,FALSE,44.793,9,B,EP,EPB9,,
APC-EP1-26,EP1,26,C6,TRUE,,,,EP,EP,,
APC-EP1-26,EP1,26,D1,TRUE,,,,EP,EP,,
APC-EP1-26,EP1,26,D2,FALSE,44.161,16,B,EP,EPB16,,
APC-EP1-26,EP1,26,D3,FALSE,47.71,15,B,EP,EPB15,,
APC-EP1-26,EP1,26,D4,FALSE,36.655,13,B,EP,EPB13,,
APC-EP1-26,EP1,26,D5,FALSE,41.54,14,B,EP,EPB14,,
APC-EP1-26,EP1,26,D6,TRUE,,,,EP,EP,,
APC-EP2-26,EP2,26,A1,TRUE,,,,EP,EP,,
APC-EP2-26,EP2,26,A2,FALSE,47.684,3,B,EP,EPB3,,
APC-EP2-26,EP2,26,A3,FALSE,44.837,5,B,EP,EPB5,,
APC-EP2-26,EP2,26,A4,FALSE,13.775,6,C,EP,EPC6,,
APC-EP2-26,EP2,26,A5,FALSE,31.709,4,C,EP,EPC4,1,DOA
APC-EP2-26,EP2,26,A6,TRUE,,,,EP,EP,,
APC-EP2-26,EP2,26,B1,TRUE,,,,EP,EP,,
APC-EP2-26,EP2,26,B2,FALSE,40.769,10,C,EP,EPC10,1,DOA
APC-EP2-26,EP2,26,B3,FALSE,32.504,7,C,EP,EPC7,,
APC-EP2-26,EP2,26,B4,FALSE,26.329,9,C,EP,EPC9,1,DOA
APC-EP2-26,EP2,26,B5,FALSE,45.687,8,C,EP,EPC8,,
APC-EP2-26,EP2,26,B6,TRUE,,,,EP,EP,,
APC-EP2-26,EP2,26,C1,TRUE,,,,EP,EP,,
APC-EP2-26,EP2,26,C2,FALSE,45.734,12,C,EP,EPC12,,
APC-EP2-26,EP2,26,C3,FALSE,49.801,13,D,EP,EPD13,,
APC-EP2-26,EP2,26,C4,FALSE,42.054,15,D,EP,EPD15,1,DOA
APC-EP2-26,EP2,26,C5,FALSE,27.716,14,D,EP,EPD14,1,DOA
APC-EP2-26,EP2,26,C6,TRUE,,,,EP,EP,,
APC-EP2-26,EP2,26,D1,TRUE,,,,EP,EP,,
APC-EP2-26,EP2,26,D2,FALSE,50.522,16,D,EP,EPD16,1,DOA
APC-EP2-26,EP2,26,D3,FALSE,53.73,18,D,EP,EPD18,,
APC-EP2-26,EP2,26,D4,FALSE,22.058,17,D,EP,EPD17,,
APC-EP2-26,EP2,26,D5,FALSE,57.252,19,D,EP,EPD19,,
APC-EP2-26,EP2,26,D6,TRUE,,,,EP,EP,,
APC-CC1-11,CC1,11,A1,TRUE,,,,CC,CC,,
APC-CC1-11,CC1,11,A2,FALSE,26.815,4,A,CC,CCA4,1,DOA
APC-CC1-11,CC1,11,A3,FALSE,57.513,3,A,CC,CCA3,,
APC-CC1-11,CC1,11,A4,FALSE,30.943,2,A,CC,CCA2,1,DOA
APC-CC1-11,CC1,11,A5,FALSE,51.399,1,A,CC,CCA1,,
APC-CC1-11,CC1,11,A6,TRUE,,,,CC,CC,,
APC-CC1-11,CC1,11,B1,TRUE,,,,CC,CC,,
APC-CC1-11,CC1,11,B2,FALSE,40.552,8,A,CC,CCA8,1,DOA
APC-CC1-11,CC1,11,B3,FALSE,102.812,6,A,CC,CCA6,,
APC-CC1-11,CC1,11,B4,FALSE,61.176,7,A,CC,CCA7,1,DOA
APC-CC1-11,CC1,11,B5,FALSE,107.249,5,A,CC,CCA5,,
APC-CC1-11,CC1,11,B6,TRUE,,,,CC,CC,,
APC-CC1-11,CC1,11,C1,TRUE,,,,CC,CC,,
APC-CC1-11,CC1,11,C2,FALSE,69.315,12,B,CC,CCB12,,
APC-CC1-11,CC1,11,C3,FALSE,37.353,11,B,CC,CCB11,,
APC-CC1-11,CC1,11,C4,FALSE,20.508,9,A,CC,CCA9,,
APC-CC1-11,CC1,11,C5,FALSE,67.355,10,A,CC,CCA10,,
APC-CC1-11,CC1,11,C6,TRUE,,,,CC,CC,,
APC-CC1-11,CC1,11,D1,TRUE,,,,CC,CC,,
APC-CC1-11,CC1,11,D2,FALSE,28.66,16,B,CC,CCB16,,
APC-CC1-11,CC1,11,D3,FALSE,66.839,15,B,CC,CCB15,,
APC-CC1-11,CC1,11,D4,FALSE,67.6,14,B,CC,CCB14,,
APC-CC1-11,CC1,11,D5,FALSE,54.482,13,B,CC,CCB13,,
APC-CC1-11,CC1,11,D6,TRUE,,,,CC,CC,,
APC-CC2-11,CC2,11,A1,TRUE,,,,CC,CC,,
APC-CC2-11,CC2,11,A2,FALSE,76.91,4,C,CC,CCC4,,
APC-CC2-11,CC2,11,A3,FALSE,99.158,3,C,CC,CCC3,,
APC-CC2-11,CC2,11,A4,FALSE,59.553,2,C,CC,CCC2,,
APC-CC2-11,CC2,11,A5,FALSE,76.594,1,C,CC,CCC1,,
APC-CC2-11,CC2,11,A6,TRUE,,,,CC,CC,,
APC-CC2-11,CC2,11,B1,TRUE,,,,CC,CC,,
APC-CC2-11,CC2,11,B2,FALSE,59.04,8,C,CC,CCC8,,
APC-CC2-11,CC2,11,B3,FALSE,70.664,6,C,CC,CCC6,1,DOA
APC-CC2-11,CC2,11,B4,FALSE,35.884,7,C,CC,CCC7,,
APC-CC2-11,CC2,11,B5,FALSE,37.304,5,C,CC,CCC5,,
APC-CC2-11,CC2,11,B6,TRUE,,,,CC,CC,,
APC-CC2-11,CC2,11,C1,TRUE,,,,CC,CC,,
APC-CC2-11,CC2,11,C2,FALSE,62.63,11,D,CC,CCD11,1,DOA
APC-CC2-11,CC2,11,C3,FALSE,37.751,12,D,CC,CCD12,,
APC-CC2-11,CC2,11,C4,FALSE,64.089,10,D,CC,CCD10,1,DOA
APC-CC2-11,CC2,11,C5,FALSE,34.057,9,D,CC,CCD9,1,DOA
APC-CC2-11,CC2,11,C6,TRUE,,,,CC,CC,,
APC-CC2-11,CC2,11,D1,TRUE,,,,CC,CC,,
APC-CC2-11,CC2,11,D2,FALSE,31.716,16,D,CC,CCD16,,
APC-CC2-11,CC2,11,D3,FALSE,43.327,15,D,CC,CCD15,1,DOA
APC-CC2-11,CC2,11,D4,FALSE,63.945,13,D,CC,CCD13,,
APC-CC2-11,CC2,11,D5,FALSE,26.89,14,D,CC,CCD14,1,DOA
APC-CC2-11,CC2,11,D6,TRUE,,,,CC,CC,,
APC-CP1-11,CP1,11,A1,TRUE,,,,CP,CP,,
APC-CP1-11,CP1,11,A2,FALSE,17.059,4,A,CP,CPA4,,
APC-CP1-11,CP1,11,A3,FALSE,69.095,1,A,CP,CPA1,,
APC-CP1-11,CP1,11,A4,FALSE,17.418,2,A,CP,CPA2,1,DOA
APC-CP1-11,CP1,11,A5,FALSE,55.278,3,A,CP,CPA3,,
APC-CP1-11,CP1,11,A6,TRUE,,,,CP,CP,,
APC-CP1-11,CP1,11,B1,TRUE,,,,CP,CP,,
APC-CP1-11,CP1,11,B2,FALSE,14.863,9,A,CP,CPA9,,
APC-CP1-11,CP1,11,B3,FALSE,88.322,7,A,CP,CPA7,,
APC-CP1-11,CP1,11,B4,FALSE,38.605,6,A,CP,CPA6,,
APC-CP1-11,CP1,11,B5,FALSE,33.214,8,D,CP,CPD8,,
APC-CP1-11,CP1,11,B6,TRUE,,,,CP,CP,,
APC-CP1-11,CP1,11,C1,TRUE,,,,CP,CP,,
APC-CP1-11,CP1,11,C2,FALSE,51.631,12,B,CP,CPB12,,
APC-CP1-11,CP1,11,C3,FALSE,44.694,13,B,CP,CPB13,1,DOA
APC-CP1-11,CP1,11,C4,FALSE,55.627,11,B,CP,CPB11,,
APC-CP1-11,CP1,11,C5,FALSE,9.01,14,D,CP,CPD14,,
APC-CP1-11,CP1,11,C6,TRUE,,,,CP,CP,,
APC-CP1-11,CP1,11,D1,TRUE,,,,CP,CP,,
APC-CP1-11,CP1,11,D2,FALSE,68.407,16,D,CP,CPD16,1,DOA
APC-CP1-11,CP1,11,D3,FALSE,24.477,18,D,CP,CPD18,,
APC-CP1-11,CP1,11,D4,FALSE,21.414,17,D,CP,CPD17,,
APC-CP1-11,CP1,11,D5,FALSE,34.92,19,D,CP,CPD19,,
APC-CP1-11,CP1,11,D6,TRUE,,,,CP,CP,,
APC-CP2-11,CP2,11,A1,TRUE,,,,CP,CP,,
APC-CP2-11,CP2,11,A2,FALSE,11.399,4,C,CP,CPC4,1,DOA
APC-CP2-11,CP2,11,A3,FALSE,10.772,2,C,CP,CPC2,1,DOA
APC-CP2-11,CP2,11,A4,FALSE,57.58,1,C,CP,CPC1,,
APC-CP2-11,CP2,11,A5,FALSE,49.814,3,C,CP,CPC3,,
APC-CP2-11,CP2,11,A6,TRUE,,,,CP,CP,,
APC-CP2-11,CP2,11,B1,TRUE,,,,CP,CP,,
APC-CP2-11,CP2,11,B2,FALSE,43.907,8,C,CP,CPC8,,
APC-CP2-11,CP2,11,B3,FALSE,38.681,5,C,CP,CPC5,,
APC-CP2-11,CP2,11,B4,FALSE,27.866,7,C,CP,CPC7,,
APC-CP2-11,CP2,11,B5,FALSE,17.391,6,C,CP,CPC6,1,DOA
APC-CP2-11,CP2,11,B6,TRUE,,,,CP,CP,,
APC-CP2-11,CP2,11,C1,TRUE,,,,CP,CP,,
APC-CP2-11,CP2,11,C2,FALSE,65.186,12,D,CP,CPD12,,
APC-CP2-11,CP2,11,C3,FALSE,78.785,11,D,CP,CPD11,1,DOA
APC-CP2-11,CP2,11,C4,FALSE,59.131,10,D,CP,CPD10,,
APC-CP2-11,CP2,11,C5,FALSE,42.558,9,D,CP,CPD9,,
APC-CP2-11,CP2,11,C6,TRUE,,,,CP,CP,,
APC-CP2-11,CP2,11,D1,TRUE,,,,CP,CP,,
APC-CP2-11,CP2,11,D2,FALSE,44.906,16,D,CP,CPD16,,
APC-CP2-11,CP2,11,D3,FALSE,83.841,14,D,CP,CPD14,,
APC-CP2-11,CP2,11,D4,FALSE,105.832,13,D,CP,CPD13,,
APC-CP2-11,CP2,11,D5,FALSE,56.741,15,D,CP,CPD15,,
APC-CP2-11,CP2,11,D6,TRUE,,,,CP,CP,,
APC-EE1-11,EE1,11,A1,TRUE,,,,EE,EE,,
APC-EE1-11,EE1,11,A2,FALSE,20.68,3,A,EE,EEA3,,
APC-EE1-11,EE1,11,A3,FALSE,42.21,4,A,EE,EEA4,,
APC-EE1-11,EE1,11,A4,FALSE,54.731,2,A,EE,EEA2,,
APC-EE1-11,EE1,11,A5,FALSE,74.221,1,A,EE,EEA1,,
APC-EE1-11,EE1,11,A6,TRUE,,,,EE,EE,,
APC-EE1-11,EE1,11,B1,TRUE,,,,EE,EE,,
APC-EE1-11,EE1,11,B2,FALSE,39.943,7,A,EE,EEA7,,
APC-EE1-11,EE1,11,B3,FALSE,46.119,6,A,EE,EEA6,,
APC-EE1-11,EE1,11,B4,FALSE,44.249,8,A,EE,EEA8,,
APC-EE1-11,EE1,11,B5,FALSE,33.258,5,A,EE,EEA5,1,DOA
APC-EE1-11,EE1,11,B6,TRUE,,,,EE,EE,,
APC-EE1-11,EE1,11,C1,TRUE,,,,EE,EE,,
APC-EE1-11,EE1,11,C2,FALSE,24.589,11,A,EE,EEA11,,
APC-EE1-11,EE1,11,C3,FALSE,16.431,9,A,EE,EEA9,,
APC-EE1-11,EE1,11,C4,FALSE,12.748,12,A,EE,EEA12,1,DOA
APC-EE1-11,EE1,11,C5,FALSE,11.558,13,B,EE,EEB13,,
APC-EE1-11,EE1,11,C6,TRUE,,,,EE,EE,,
APC-EE1-11,EE1,11,D1,TRUE,,,,EE,EE,,
APC-EE1-11,EE1,11,D2,FALSE,25.836,16,C,EE,EEC16,,
APC-EE1-11,EE1,11,D3,FALSE,26.402,18,C,EE,EEC18,1,DOA
APC-EE1-11,EE1,11,D4,FALSE,22.436,17,C,EE,EEC17,,
APC-EE1-11,EE1,11,D5,FALSE,30.255,19,C,EE,EEC19,,
APC-EE1-11,EE1,11,D6,TRUE,,,,EE,EE,,
APC-EE2-11,EE2,11,A1,TRUE,,,,EE,EE,,
APC-EE2-11,EE2,11,A2,FALSE,60.742,2,C,EE,EEC2,,
APC-EE2-11,EE2,11,A3,FALSE,50,1,C,EE,EEC1,,
APC-EE2-11,EE2,11,A4,FALSE,14.551,3,C,EE,EEC3,,
APC-EE2-11,EE2,11,A5,FALSE,22.656,4,C,EE,EEC4,,
APC-EE2-11,EE2,11,A6,TRUE,,,,EE,EE,,
APC-EE2-11,EE2,11,B1,TRUE,,,,EE,EE,,
APC-EE2-11,EE2,11,B2,FALSE,13.086,8,C,EE,EEC8,1,DOA
APC-EE2-11,EE2,11,B3,FALSE,49.805,7,C,EE,EEC7,1,DOA
APC-EE2-11,EE2,11,B4,FALSE,40.527,6,C,EE,EEC6,,
APC-EE2-11,EE2,11,B5,FALSE,89.648,5,C,EE,EEC5,1,DOA
APC-EE2-11,EE2,11,B6,TRUE,,,,EE,EE,,
APC-EE2-11,EE2,11,C1,TRUE,,,,EE,EE,,
APC-EE2-11,EE2,11,C2,FALSE,55.566,12,D,EE,EED12,,
APC-EE2-11,EE2,11,C3,FALSE,57.031,11,D,EE,EED11,1,DOA
APC-EE2-11,EE2,11,C4,FALSE,58.887,10,D,EE,EED10,1,DOA
APC-EE2-11,EE2,11,C5,FALSE,48.047,9,D,EE,EED9,,
APC-EE2-11,EE2,11,C6,TRUE,,,,EE,EE,,
APC-EE2-11,EE2,11,D1,TRUE,,,,EE,EE,,
APC-EE2-11,EE2,11,D2,FALSE,49.414,14,D,EE,EED14,1,DOA
APC-EE2-11,EE2,11,D3,FALSE,59.375,13,D,EE,EED13,,
APC-EE2-11,EE2,11,D4,FALSE,56.055,15,D,EE,EED15,,
APC-EE2-11,EE2,11,D5,FALSE,29.688,16,D,EE,EED16,,
APC-EE2-11,EE2,11,D6,TRUE,,,,EE,EE,,
APC-EP1-11,EP1,11,A1,TRUE,,,,EP,EP,,
APC-EP1-11,EP1,11,A2,FALSE,43.345,4,A,EP,EPA4,,
APC-EP1-11,EP1,11,A3,FALSE,59.153,1,A,EP,EPA1,,
APC-EP1-11,EP1,11,A4,FALSE,63.825,2,A,EP,EPA2,1,DOA
APC-EP1-11,EP1,11,A5,FALSE,29.454,3,A,EP,EPA3,,
APC-EP1-11,EP1,11,A6,TRUE,,,,EP,EP,,
APC-EP1-11,EP1,11,B1,TRUE,,,,EP,EP,,
APC-EP1-11,EP1,11,B2,FALSE,29.24,8,A,EP,EPA8,,
APC-EP1-11,EP1,11,B3,FALSE,54.227,6,A,EP,EPA6,,
APC-EP1-11,EP1,11,B4,FALSE,54.952,7,A,EP,EPA7,,
APC-EP1-11,EP1,11,B5,FALSE,29.689,5,A,EP,EPA5,,
APC-EP1-11,EP1,11,B6,TRUE,,,,EP,EP,,
APC-EP1-11,EP1,11,C1,TRUE,,,,EP,EP,,
APC-EP1-11,EP1,11,C2,FALSE,77.705,12,B,EP,EPB12,1,DOA
APC-EP1-11,EP1,11,C3,FALSE,21.254,11,B,EP,EPB11,,
APC-EP1-11,EP1,11,C4,FALSE,23.661,10,B,EP,EPB10,,
APC-EP1-11,EP1,11,C5,FALSE,44.793,9,B,EP,EPB9,,
APC-EP1-11,EP1,11,C6,TRUE,,,,EP,EP,,
APC-EP1-11,EP1,11,D1,TRUE,,,,EP,EP,,
APC-EP1-11,EP1,11,D2,FALSE,44.161,16,B,EP,EPB16,,
APC-EP1-11,EP1,11,D3,FALSE,47.71,15,B,EP,EPB15,,
APC-EP1-11,EP1,11,D4,FALSE,36.655,13,B,EP,EPB13,,
APC-EP1-11,EP1,11,D5,FALSE,41.54,14,B,EP,EPB14,,
APC-EP1-11,EP1,11,D6,TRUE,,,,EP,EP,,
APC-EP2-11,EP2,11,A1,TRUE,,,,EP,EP,,
APC-EP2-11,EP2,11,A2,FALSE,47.684,3,B,EP,EPB3,,
APC-EP2-11,EP2,11,A3,FALSE,44.837,5,B,EP,EPB5,,
APC-EP2-11,EP2,11,A4,FALSE,13.775,6,C,EP,EPC6,,
APC-EP2-11,EP2,11,A5,FALSE,31.709,4,C,EP,EPC4,1,DOA
APC-EP2-11,EP2,11,A6,TRUE,,,,EP,EP,,
APC-EP2-11,EP2,11,B1,TRUE,,,,EP,EP,,
APC-EP2-11,EP2,11,B2,FALSE,40.769,10,C,EP,EPC10,1,DOA
APC-EP2-11,EP2,11,B3,FALSE,32.504,7,C,EP,EPC7,,
APC-EP2-11,EP2,11,B4,FALSE,26.329,9,C,EP,EPC9,1,DOA
APC-EP2-11,EP2,11,B5,FALSE,45.687,8,C,EP,EPC8,,
APC-EP2-11,EP2,11,B6,TRUE,,,,EP,EP,,
APC-EP2-11,EP2,11,C1,TRUE,,,,EP,EP,,
APC-EP2-11,EP2,11,C2,FALSE,45.734,12,C,EP,EPC12,,
APC-EP2-11,EP2,11,C3,FALSE,49.801,13,D,EP,EPD13,,
APC-EP2-11,EP2,11,C4,FALSE,42.054,15,D,EP,EPD15,1,DOA
APC-EP2-11,EP2,11,C5,FALSE,27.716,14,D,EP,EPD14,1,DOA
APC-EP2-11,EP2,11,C6,TRUE,,,,EP,EP,,
APC-EP2-11,EP2,11,D1,TRUE,,,,EP,EP,,
APC-EP2-11,EP2,11,D2,FALSE,50.522,16,D,EP,EPD16,1,DOA
APC-EP2-11,EP2,11,D3,FALSE,53.73,18,D,EP,EPD18,,
APC-EP2-11,EP2,11,D4,FALSE,22.058,17,D,EP,EPD17,,
APC-EP2-11,EP2,11,D5,FALSE,57.252,19,D,EP,EPD19,,
APC-EP2-11,EP2,11,D6,TRUE,,,,EP,EP,,